{
    "rmse": 0.7149524369615039,
    "mae": 0.590309783789009,
    "r2": 0.1542386976344271
}