{
    "rmse": 0.768249357263628,
    "mae": 0.6095460891595339,
    "r2": 0.1802608356864519
}