{
    "rmse": 0.7789396144105666,
    "mae": 0.6102421066411938,
    "r2": 0.15340837994180623
}