{
    "rmse": 0.7103114113717317,
    "mae": 0.5823002162002213,
    "r2": 0.17219446282279083
}