{
    "rmse": 0.7242149310382539,
    "mae": 0.5705097028856907,
    "r2": 0.21682520355200774
}