{
    "rmse": 0.7306382830146945,
    "mae": 0.5993716055124971,
    "r2": 0.1506163735014695
}